week_start,deaths
2010-08-01,12968
2010-08-08,12541
2010-08-15,11762
2010-08-22,11056
2010-08-29,10524
2010-09-05,10117
2010-09-12,10102
2010-09-19,10295
2010-09-26,9981
2010-10-03,9792
2010-10-10,9729
2010-10-17,9631
2010-10-24,8004
2010-10-31,9756
2010-11-07,9892
2010-11-14,9449
2010-11-21,9503
2010-11-28,8343
2010-12-05,9483
2010-12-12,9190
2010-12-19,9452
2010-12-26,8178
2011-01-02,9259
2011-01-09,8513
2011-01-16,8461
2011-01-23,8973
2011-01-30,8627
2011-02-06,8541
2011-02-13,8261
2011-02-20,8257
2011-02-27,8467
2011-03-06,8318
2011-03-13,8584
2011-03-20,8635
2011-03-27,7708
2011-04-03,8961
2011-04-10,8727
2011-04-17,8943
2011-04-24,8759
2011-05-01,9195
2011-05-08,9218
2011-05-15,9286
2011-05-22,9275
2011-05-29,9668
2011-06-05,9406
2011-06-12,9437
2011-06-19,9473
2011-06-26,9220
2011-07-03,11193
2011-07-10,10880
2011-07-17,11484
2011-07-24,9689
2011-07-31,12644
2011-08-07,13133
2011-08-14,11438
2011-08-21,10555
2011-08-28,10235
2011-09-04,10019
2011-09-11,9757
2011-09-18,9433
2011-09-25,9453
2011-10-02,9648
2011-10-09,9842
2011-10-16,9707
2011-10-23,9312
2011-10-30,9557
2011-11-06,9327
2011-11-13,8335
2011-11-20,8064
2011-11-27,9853
2011-12-04,10140
2011-12-11,8949
2011-12-18,9163
2011-12-25,7913
2012-01-01,9254
2012-01-08,8961
2012-01-15,8715
2012-01-22,8710
2012-01-29,8705
2012-02-05,8461
2012-02-12,8500
2012-02-19,8456
2012-02-26,8787
2012-03-04,8573
2012-03-11,8426
2012-03-18,8466
2012-03-25,7717
2012-04-01,8769
2012-04-08,8612
2012-04-15,8527
2012-04-22,8919
2012-04-29,8719
2012-05-06,8705
2012-05-13,8638
2012-05-20,9139
2012-05-27,9640
2012-06-03,9042
2012-06-10,9305
2012-06-17,9166
2012-06-24,9203
2012-07-01,9828
2012-07-08,10348
2012-07-15,11151
2012-07-22,8472
2012-07-29,10514
2012-08-05,11343
2012-08-12,10393
2012-08-19,10320
2012-08-26,10117
2012-09-02,10287
2012-09-09,10532
2012-09-16,11086
2012-09-23,10945
2012-09-30,10507
2012-10-07,10041
2012-10-14,9864
2012-10-21,9634
2012-10-28,8520
2012-11-04,9992
2012-11-11,10816
2012-11-18,10238
2012-11-25,9957
2012-12-02,8868
2012-12-09,9913
2012-12-16,9602
2012-12-23,9602
2012-12-30,6781
2013-01-06,10170
2013-01-13,9054
2013-01-20,8856
2013-01-27,8909
2013-02-03,8754
2013-02-10,8684
2013-02-17,8877
2013-02-24,8942
2013-03-03,8810
2013-03-10,8776
2013-03-17,8977
2013-03-24,7617
2013-03-31,8848
2013-04-07,8641
2013-04-14,8839
2013-04-21,8865
2013-04-28,9070
2013-05-05,9441
2013-05-12,9284
2013-05-19,9550
2013-05-26,9335
2013-06-02,9683
2013-06-09,9900
2013-06-16,9679
2013-06-23,9394
2013-06-30,9844
2013-07-07,10388
2013-07-14,11461
2013-07-21,8096
2013-07-28,11620
2013-08-04,12541
2013-08-11,11075
2013-08-18,11262
2013-08-25,11314
2013-09-01,11044
2013-09-08,11030
2013-09-15,10850
2013-09-22,10783
2013-09-29,11245
2013-10-06,11180
2013-10-13,11075
2013-10-20,9280
2013-10-27,10890
2013-11-03,12147
2013-11-10,11752
2013-11-17,10625
2013-11-24,10169
2013-12-01,8814
2013-12-08,9847
2013-12-15,9530
2013-12-22,8333
2013-12-29,9482
2014-01-05,8869
2014-01-12,8904
2014-01-19,8589
2014-01-26,8790
2014-02-02,8533
2014-02-09,8790
2014-02-16,8476
2014-02-23,8159
2014-03-02,8280
2014-03-09,8231
2014-03-16,8579
2014-03-23,7688
2014-03-30,8905
2014-04-06,8347
2014-04-13,8635
2014-04-20,9155
2014-04-27,9191
2014-05-04,8939
2014-05-11,9237
2014-05-18,9236
2014-05-25,9107
2014-06-01,9449
2014-06-08,9583
2014-06-15,9587
2014-06-22,9636
2014-06-29,9908
2014-07-06,10033
2014-07-13,10335
2014-07-20,6606
2014-07-27,11448
2014-08-03,11847
2014-08-10,11061
2014-08-17,10374
2014-08-24,10258
2014-08-31,10147
2014-09-07,10198
2014-09-14,10427
2014-09-21,10377
2014-09-28,9828
2014-10-05,10005
2014-10-12,9832
2014-10-19,9622
2014-10-26,9944
2014-11-02,9504
2014-11-09,8000
2014-11-16,9359
2014-11-23,10527
2014-11-30,8613
2014-12-07,9513
2014-12-14,9313
2014-12-21,8034
2014-12-28,9557
2015-01-04,9414
2015-01-11,8946
2015-01-18,8931
2015-01-25,8763
2015-02-01,8784
2015-02-08,9119
2015-02-15,8965
2015-02-22,8916
2015-03-01,8755
2015-03-08,8792
2015-03-15,8769
2015-03-22,8027
2015-03-29,9671
2015-04-05,9284
2015-04-12,9107
2015-04-19,9048
2015-04-26,9271
2015-05-03,9173
2015-05-10,9464
2015-05-17,9603
2015-05-24,9586
2015-05-31,9753
2015-06-07,10036
2015-06-14,9472
2015-06-21,9928
2015-06-28,10267
2015-07-05,10550
2015-07-12,11681
2015-07-19,7837
2015-07-26,12286
2015-08-02,16237
2015-08-09,14866
2015-08-16,13934
2015-08-23,12900
2015-08-30,12039
2015-09-06,11822
2015-09-13,11434
2015-09-20,11472
2015-09-27,11469
2015-10-04,10951
2015-10-11,10568
2015-10-18,10493
2015-10-25,9062
2015-11-01,10089
2015-11-08,11639
2015-11-15,10599
2015-11-22,10134
2015-11-29,8862
2015-12-06,10290
2015-12-13,10005
2015-12-20,8213
2015-12-27,10157
2016-01-03,9548
2016-01-10,9312
2016-01-17,9190
2016-01-24,9205
2016-01-31,9015
2016-02-07,8802
2016-02-14,8791
2016-02-21,8617
2016-02-28,8862
2016-03-06,9148
2016-03-13,9121
2016-03-20,9026
2016-03-27,7878
2016-04-03,9258
2016-04-10,9097
2016-04-17,9529
2016-04-24,9410
2016-05-01,9776
2016-05-08,9511
2016-05-15,9711
2016-05-22,9618
2016-05-29,9994
2016-06-05,9938
2016-06-12,9830
2016-06-19,9822
2016-06-26,10365
2016-07-03,10269
2016-07-10,10689
2016-07-17,8630
2016-07-24,7524
2016-07-31,13045
2016-08-07,11501
2016-08-14,11473
2016-08-21,11317
2016-08-28,11052
2016-09-04,11170
2016-09-11,10590
2016-09-18,11056
2016-09-25,11285
2016-10-02,11010
2016-10-09,11022
2016-10-16,9635
2016-10-23,10286
2016-10-30,11599
2016-11-06,11417
2016-11-13,10925
2016-11-20,10413
2016-11-27,9137
2016-12-04,10637
2016-12-11,9953
2016-12-18,9739
2016-12-25,7909
2017-01-01,9873
2017-01-08,9386
2017-01-15,9365
2017-01-22,9228
2017-01-29,9138
2017-02-05,9388
2017-02-12,9350
2017-02-19,9335
2017-02-26,9182
2017-03-05,9172
2017-03-12,9070
2017-03-19,9319
2017-03-26,7923
2017-04-02,9399
2017-04-09,9124
2017-04-16,8945
2017-04-23,8994
2017-04-30,9291
2017-05-07,9719
2017-05-14,9768
2017-05-21,9724
2017-05-28,10152
2017-06-04,10470
2017-06-11,10694
2017-06-18,10603
2017-06-25,10439
2017-07-02,11223
2017-07-09,10533
2017-07-16,11493
2017-07-23,8003
2017-07-30,11991
2017-08-06,13715
2017-08-13,13610
2017-08-20,12877
2017-08-27,12485
2017-09-03,12269
2017-09-10,11644
2017-09-17,11794
2017-09-24,11248
2017-10-01,11077
2017-10-08,10697
2017-10-15,10325
2017-10-22,10027
2017-10-29,9939
2017-11-05,8493
2017-11-12,9644
2017-11-19,10908
2017-11-26,9064
2017-12-03,10693
2017-12-10,10288
2017-12-17,10040
2017-12-24,8332
2017-12-31,9766
2018-01-07,9367
2018-01-14,9627
2018-01-21,9334
2018-01-28,9263
2018-02-04,9376
2018-02-11,9113
2018-02-18,8882
2018-02-25,8941
2018-03-04,9038
2018-03-11,9299
2018-03-18,9382
2018-03-25,8149
2018-04-01,9497
2018-04-08,9454
2018-04-15,9534
2018-04-22,9689
2018-04-29,9778
2018-05-06,9940
2018-05-13,10031
2018-05-20,9739
2018-05-27,9984
2018-06-03,10346
2018-06-10,10275
2018-06-17,10621
2018-06-24,10538
2018-07-01,10781
2018-07-08,11217
2018-07-15,12517
2018-07-22,8487
2018-07-29,12723
2018-08-05,15050
2018-08-12,14256
2018-08-19,13935
2018-08-26,13285
2018-09-02,12495
2018-09-09,12246
2018-09-16,12142
2018-09-23,10854
2018-09-30,12997
2018-10-07,12788
2018-10-14,11913
2018-10-21,9941
2018-10-28,10794
2018-11-04,12301
2018-11-11,11223
2018-11-18,10306
2018-11-25,10153
2018-12-02,8624
2018-12-09,10141
2018-12-16,9636
2018-12-23,8147
2018-12-30,9950
2019-01-06,9343
2019-01-13,9256
2019-01-20,9212
2019-01-27,9258
2019-02-03,9293
2019-02-10,9127
2019-02-17,9141
2019-02-24,9161
2019-03-03,9319
2019-03-10,8830
2019-03-17,8978
2019-03-24,7865
2019-03-31,9445
2019-04-07,9191
2019-04-14,9305
2019-04-21,9150
2019-04-28,9503
2019-05-05,9649
2019-05-12,9864
2019-05-19,9603
2019-05-26,9529
2019-06-02,10151
2019-06-09,10193
2019-06-16,9957
2019-06-23,10033
2019-06-30,10287
2019-07-07,10550
2019-07-14,11116
2019-07-21,7131
2019-07-28,10955
2019-08-04,12609
2019-08-11,11860
2019-08-18,11740
2019-08-25,11297
2019-09-01,11660
2019-09-08,11824
2019-09-15,11295
2019-09-22,11044
2019-09-29,10898
2019-10-06,10567
2019-10-13,10402
2019-10-20,9867
2019-10-27,10126
2019-11-03,10291
2019-11-10,9025
2019-11-17,10059
2019-11-24,11207
2019-12-01,9055
2019-12-08,10272
2019-12-15,10284
2019-12-22,8260
2019-12-29,10140
2020-01-05,9445
2020-01-12,9458
2020-01-19,9511
2020-01-26,9062
2020-02-02,9179
2020-02-09,9080
2020-02-16,9112
2020-02-23,9271
2020-03-01,9122
2020-03-08,9093
2020-03-15,8994
2020-03-22,8242
2020-03-29,9695
2020-04-05,9513
2020-04-12,9440
2020-04-19,9517
2020-04-26,9799
2020-05-03,9973
2020-05-10,10156
2020-05-17,10021
2020-05-24,10164
2020-05-31,10697
2020-06-07,10650
2020-06-14,10882
2020-06-21,10958
2020-06-28,10816
2020-07-05,11188
2020-07-12,11926
2020-07-19,7533
2020-07-26,12254
2020-08-02,14058
2020-08-09,12990
2020-08-16,11856
2020-08-23,11612
2020-08-30,10986
2020-09-06,10944
2020-09-13,10841
2020-09-20,10816
2020-09-27,10895
2020-10-04,11019
2020-10-11,10645
2020-10-18,11141
2020-10-25,16387
2020-11-01,18516
